file,label
0021e90e4.png,cat
003d61042.png,dog
007b3da8b.png,cat
0086a6340.png,horse
00c47e980.png,cat
00d090cde.png,cat
00ef713a8.png,cat
01291174f.png,cat
026716f9b.png,cat
02cfeb38d.png,cat
03566743d.png,horse
03a2ee656.png,horse
03e322a29.png,cat
03ef36742.png,cow
043449b0b.png,cat
0437393b1.png,cat
04814f36d.png,dog
05341a8a6.png,cat
060450d79.png,cat
060f1dc84.png,cat
0625f063b.png,cat
063363305.png,dog
06d12f6fa.png,cat
071cb3ece.png,dog
0751c0bbc.png,dog
07e62f903.png,cat
085974290.png,dog
0885e7690.png,cat
089ad62a7.png,cat
08d591441.png,cat
0911d3dee.png,cat
099b961ec.png,cat
0a64e3e6c.png,cat
0ad9e7dfb.png,horse
0ae6668fa.png,dog
0bf7bfb05.png,cat
0c27cf05f.png,cat
0c4199daa.png,cat
0c45ace27.png,cat
0c51bf229.png,horse
0c5f6c493.png,cat
0caeda5df.png,cat
0d117d910.png,cow
0d31e6602.png,dog
0dba99002.png,cat
0e8492cb1.png,cat
0ebf8f2f4.png,horse
0ee4ad224.png,cat
0f6cbe5e8.png,horse
0fb233ad6.png,cat
100678009896320647899893409088656908765.png,horse
104683525912619422361857060634408985829.png,cow
106969068951140273655041470296347064369.png,cat
110408828332335439225773811218593171507.png,horse
110611044018222634138856823020713578824.png,cat
112485258353284290672019959199048368754.png,cat
114772305850941529804817023941438556136.png,cow
114928248151480809544723696673666065832.png,cat
115f93ecc.png,cat
116704387373891336451565740440867502286.png,cow
116b136de.png,cat
117543511520732421976880066624886538965.png,cat
11816076994895324649934163808334277882.png,dog
1191ba346.png,cat
11d3f68ff.png,cat
122913909.png,cow
124047223733496743652165022394853255380.png,dog
12625488b.png,dog
126885852381802297485400046421120374507.png,cat
126a71ce0.png,cat
128150439282056712115408218271508522690.png,cat
128666660697340047860559405866579513119.png,cat
129743092130922354709757083873252591694.png,dog
129912795065426341768877479705680766581.png,cat
1312065a5.png,dog
131515028209415829337163444258686192234.png,dog
133841806823844001284779128832235658927.png,cat
134223686023004660961320948290751077062.png,horse
134517694510611052674113344385520452621.png,cow
1364b297a.png,cat
1376f3b63.png,cat
138087630898562419769770784939807813111.png,cat
13b9fa92d.png,cat
140857853165198415574902366279087906293.png,cow
140874279045691525639698180662781108545.png,cow
14090112419467635596243152474014384963.png,cat
141134796774537872893376214203054235318.png,cat
141288964762857107986328591477323779391.png,cat
14380194072277964234041208705738750077.png,cat
1456216224179311383053419850660836360.png,cat
1459e96a0.png,cat
146785100480898461107064555952020161494.png,horse
148bbda66.png,cat
14bb43eee.png,horse
1541bdb2e.png,horse
154724755307757630427856846047520394512.png,cat
155756667098961875765933154970540649956.png,cow
156501488117142425871132707485449087127.png,cat
157140348088638880269647872951614795497.png,cat
158015087220133722354507397127581689790.png,cat
158568641639916073956357578317310077522.png,cow
159097802903600686184733580836417241116.png,cat
161196054664388557991196765680101972961.png,cat
162067984167559497589802256577226317703.png,dog
1623fb9e1.png,cat
16357b436.png,cat
163695579935400027337996780584674285580.png,dog
164220732858183449269454108375924012403.png,horse
16467a950.png,cat
165681fd9.png,cat
16568802823399926537993912978242608531.png,dog
165697452593065637739550612453914041943.png,dog
166441517905955823139547549624675940523.png,cow
167036249800467535507023746338272377946.png,cat
168385630382723891591620139842599285701.png,dog
1694a70e4.png,cat
16fd2e01a.png,cat
171099943741832123027355289862837280713.png,cat
171720249867167170640390438502627974069.png,cow
172f9b10b.png,cat
174584585708402934949468205947202087528.png,dog
17529c555.png,cat
1758a1baf.png,horse
177597797005870580821610305585986395357.png,dog
177d7e2a4.png,cat
17a78fb44.png,horse
17d5e5ac4.png,cat
1821eb11a.png,dog
184823180061507477615223147578186422542.png,cat
187668bde.png,cat
1926e82fd.png,cat
192968486686556129701619561901370849000.png,cat
1934602282905564411137564382967371979.png,cat
19618ad6a.png,cat
197668243924729768062177942273393120828.png,horse
197949903143766509354888794770564649727.png,cat
199155473599124684710769961471332427726.png,horse
199407958516455386162422016010830148639.png,dog
19b51843a.png,horse
19e58cc5e.png,cat
19fdf19fb.png,horse
1b490196c.png,cat
1b6a6494d.png,cat
1be0713da.png,cat
1bf9b94a6.png,cat
1c52ea820.png,cat
1c680883c.png,cat
1cfd91582.png,cat
1d0cbd819.png,cat
1d321253f.png,dog
1d48b7564.png,cat
1d56351b2.png,dog
1dc7c45df.png,dog
1e095a7e1.png,cat
1f290e016.png,cat
1f3f44563.png,cat
1f5e5554e.png,dog
1fefb54b7.png,cat
200139867815805863838338836300541656717.png,cow
203265593202860009460420706164069523935.png,cat
203805660439442335201150329870714860334.png,dog
204381697197705326838190503222793443851.png,cat
204914159507302442852853896207647602575.png,cat
205df1df3.png,cat
207124969784208891168375283776935742454.png,cat
207375459522060103334423353450491069833.png,dog
207695716330411009239100211329772817253.png,cat
20817c846.png,cat
209991932795420662149560461401859474191.png,dog
20e562fd5.png,cat
20ea96bcc.png,cat
20f983a71.png,cat
2126dc71b.png,cat
213010846992993125757394995282035612722.png,cow
214239112776057343946791626655568338539.png,cow
214243591387724231452959121529049275470.png,cat
214613186751357559379922587688155333442.png,horse
216086960249390153242908794497879657166.png,cat
217902267119307572045944953308417248515.png,horse
218572383383613116731843791557167533814.png,cow
218874480359658910745178439199095919505.png,cat
219004722696276899835825372008014862319.png,cat
219455120290804822669302628899595226286.png,cat
219fd68d5.png,dog
222213340463524013031035623127471049874.png,dog
223e4af09.png,cat
226359594838668908864724935895635261518.png,cat
22e79540f.png,dog
22fbf13d6.png,cat
232615359403760498171902254514234787663.png,cow
234860784261611515975235099606951230192.png,cat
235345302867770592133568317043735054079.png,dog
239bdf640.png,cat
23bc8ec4f.png,cow
23e480e64.png,cat
240486860101241591988646368956502058242.png,cat
2406d6c99.png,dog
241e6935a.png,cat
244591306613618370516978986964206711815.png,horse
248173364742838721675489634048745283488.png,dog
248436078.png,cat
249451222255011971456357460003031103449.png,horse
24a058589.png,horse
24c94a6ca.png,cat
24d36c52c.png,cat
24d78df74.png,cat
24dbc3b21.png,cat
25124888688781975905622243339168702167.png,dog
252851447096038123213788688169590275512.png,dog
2533256648758739248155804939325373193.png,cat
25501884364557686458867068179923056940.png,horse
256605108858811806670633595745785987524.png,cat
258631332018335530473018258544371337604.png,horse
258b1183c.png,cat
25a4c427e.png,cat
25cf6eb73.png,horse
25fa8d109.png,cat
260071317580112326382061405707000841570.png,dog
261721312666638197177994776320456402234.png,cat
268466161340733945642407791701377458241.png,cat
26852751a.png,cat
2693e5c65.png,dog
26e7ae885.png,cat
270b939cf.png,horse
271476766091276706152172533427464969228.png,dog
272052943815228679401343895304689918359.png,cat
272429491546730328900537269039444633472.png,dog
274372570541658989154427999749713792787.png,cat
276249131300663132701713329212435180433.png,cow
277342999464856792510834293312872414793.png,cow
279824515966779663404071810018281739488.png,cat
279df95f2.png,dog
285676140404979007787341663388364583395.png,cat
288564c76.png,cat
290061792719156548259503310097441814692.png,cat
292137704194734036030075239273219056470.png,cow
294424611615990486145336901939260155032.png,cow
297335725476089120308901425880491464743.png,cat
29bab7cad.png,cat
29ce426a1.png,cat
29f49cd0b.png,cat
2a5064f19.png,dog
2a667e099.png,cow
2b55a2da2.png,cat
2bd74d2da.png,cat
2d5058a59.png,cat
2d992d1fb.png,dog
2d9c798f9.png,dog
2dd5cfba9.png,horse
2df78338c.png,cat
2e86f1085.png,cat
2ea664465.png,cat
2f0004a7f.png,horse
2f246d688.png,cat
2ff5cb348.png,cat
300859693147928303462439014372810168619.png,horse
301147076855745514250934905419632318975.png,dog
304134872278207184283087089127775511200.png,cat
305103817997933688959159719983626330537.png,cat
305211207627370030117762132248380875948.png,dog
305879860867209537951966405217020312128.png,cat
306038077356851448863259538347164838114.png,cow
30846890120582397950082072328896402690.png,cat
308768974486201426493204194488857859960.png,cat
30ad31220.png,dog
310516026735076971327010957131643477302.png,cat
311571958228423005463719291182794896287.png,cat
313231939987799596951903524823531770007.png,cat
313373334876967799755257414321148943035.png,horse
314975112001815520539544433871319897870.png,cat
3185294c8.png,cat
31f3dd81f.png,cat
31fcdc161.png,cow
323408344544652499497775096969478523194.png,dog
323962859341397187559733874890643216236.png,cow
324338038775833126048298558622079712516.png,dog
325943156157125577042328598477643459225.png,cat
327234189712878220381244383128070883371.png,dog
327899408026058550571264798310392256142.png,dog
3281183f9.png,cat
329665165222156222666556764282954555838.png,cat
32a8c8a1d.png,cat
32b42c120.png,cat
32c86784b.png,cow
33317fc2a.png,cow
333263032901858711224355406604764742660.png,cat
33448fe39.png,cat
334776080465612835836895017467604431949.png,dog
335273078026111927237395298180343749182.png,cat
336557156944137706503115774917439449533.png,cat
33748968f.png,cat
337621120724960212018107073797143581345.png,cow
338067903126998569237742935116002452917.png,horse
338c7e907.png,cat
34dd57ca9.png,cat
35127407563079918440916079424532296443.png,dog
3526b05cc.png,cat
35a90f8d0.png,cat
35cf9fa01.png,cat
35ebe165c.png,cat
36211170707286219341195983444241060422.png,horse
36839d5e9.png,cat
36d62bf36.png,dog
36ed4f215.png,cat
37142287413060832387989434210431520690.png,cat
37297a64c.png,dog
37714071b.png,cat
377283a21.png,dog
37c3108d6.png,horse
37e545a60.png,dog
3827436f3.png,cat
38c054379.png,dog
39020541516125191390856189913208363630.png,dog
39141507718372352680002658194996793768.png,cow
391dcd7fd.png,cat
39453312692293265931452091481804719003.png,cat
39858776a.png,cat
39b740f7e.png,cat
39c8fde99.png,cat
39d569be4.png,cat
3a909ead8.png,cat
3abb502fb.png,cat
3b73c3b61.png,cat
3bbef3ecb.png,cat
3d38a87bc.png,cat
3d65168c2.png,cat
3d67c434b.png,cat
3da774107.png,dog
3dd52bd2a.png,cat
3e9f41817.png,cat
3ebbe9ca4.png,dog
3eda9cbb6.png,cat
3edf5e9ef.png,cat
3eebd36c6.png,cat
3efa1f66c.png,cat
3f64c2c1b.png,cat
3f826b318.png,cat
3f92d8039.png,cat
3fbd0fc6a.png,cat
3fbf1a417.png,cat
4049a6ea6.png,cat
406162ef9.png,cat
406ecb5c5.png,dog
410e6f702.png,cat
41e07778c.png,cat
41f1c3cdb.png,cat
4280164400535057109286884511271219794.png,cat
4287d810c.png,cat
429211ee6.png,dog
42e7ed442.png,cow
43093308851330361115509807808566775544.png,cow
43531701325899816531266862885776649975.png,cat
4392d93cf.png,cat
43ede9de9.png,cat
444473900.png,cat
446f7da01.png,cat
44e8b8833.png,dog
456d507c0.png,cat
466bb6d3b.png,cow
46c14fde2.png,cat
47658595428324394789821309099589089323.png,dog
47b7d8e17.png,cat
47f9e5d91.png,dog
48231e475.png,cat
4823c3ffa.png,cat
486e59179.png,cat
48d97c645.png,cat
48ef6a2ff.png,cat
490c4f9c8.png,dog
4a337a4a9.png,cat
4ac29bbf0.png,cat
4b032563b.png,cat
4b155fb07.png,dog
4bbf1f6ea.png,dog
4bbfd1e05.png,cat
4bcdaa5e2.png,cat
4c5ab9b68.png,cat
4c7838de4.png,dog
4c8005bbc.png,cat
4e1190d78.png,horse
4e18ab737.png,dog
4e69d100a.png,dog
4e9d3765f.png,dog
4ea7493d5.png,cat
4f44ca525.png,cow
4f83143e1.png,horse
502dff972.png,cat
506347cfe.png,cat
50de8a115.png,cat
521b27a17.png,cat
52319067382024617228519468580881978006.png,cat
523e5505c.png,cat
52509726095920577976850197126416349547.png,cat
52961071606578367284788477208693528083.png,cat
5296835a0.png,cat
52a87abe5.png,horse
52dc7a4d6.png,horse
5315c2dca.png,cat
534e74d83.png,horse
539961189.png,cat
53ceb4657.png,cat
53e6e9000.png,cat
54b3afd58.png,dog
54c8bb900.png,cat
550a8b7e6.png,cat
55251925f.png,horse
558aa7deb.png,cat
55920f07f.png,horse
55a852f40.png,dog
55fed435f.png,dog
56112b92c.png,cat
56917300092257762426239503887041395840.png,cow
56a01b835.png,dog
57763307770861539621564823814776214127.png,dog
5779fe8b4.png,cat
578085607549996704754764695939539694.png,dog
5800821529197395684376383811505648904.png,dog
5817b766d.png,cat
5883b423d.png,cat
589e643b8.png,cat
590f5aea6.png,cat
592473c83.png,dog
592cc5b89.png,cat
59358cd44.png,cow
593896f83.png,cat
599691cd9.png,cat
599c82eea.png,cat
59b2c6f2b.png,cat
59c6a9f95.png,cat
59e1cea8d.png,cat
59f62ad1d.png,cat
5a38ac566.png,cat
5a6bf96f6.png,cow
5af1d74ee.png,cat
5b3000b9a.png,cow
5b3beec58.png,cat
5b63dcc21.png,cat
5bbc0a255.png,cat
5bc6595f6.png,dog
5bd71f445.png,cat
5bdcfa329.png,cat
5c3cd7ea2.png,cat
5ca0205f9.png,dog
5ca2687a4.png,horse
5dcad9a53.png,cat
5e6a237f2.png,cat
5eb9c26a6.png,cat
5ee9d0a5b.png,cow
5f04aed97.png,cat
6049234e6.png,cat
604dd663f.png,cat
606647f64.png,cat
60685184629783975228902220329011389722.png,cow
60ee66ddd.png,cat
60f0bc617.png,horse
60fea2ef6.png,cat
615d2b0a9.png,dog
618de3d7a.png,dog
61b044411.png,cat
61dd2cdc5.png,cat
62950154961377561969019821661100027286.png,horse
63032002817935748760364485428883829421.png,cat
632156793.png,cat
63c07d340.png,cat
647689543.png,cat
64fe8beb9.png,cat
653193c1a.png,cat
65489944f.png,dog
659412b1a.png,cat
65d08b894.png,cat
65e262a6d.png,cat
65e97117e.png,cat
664194d19.png,cat
6680836dd.png,cat
668c1007c.png,cat
66ab0e8d0.png,cat
67499015394759352748226861668773730947.png,cat
675ec1b0b.png,cat
67ce3eaa6.png,horse
67e185673.png,cat
6802506029821315220865816476049833091.png,cow
686dc7ec8.png,cow
6908fb540.png,dog
69344847646008003226000890002787943907.png,dog
6982a9d30.png,cat
699d3c707.png,cat
69d1669f8.png,cat
6a41bf95b.png,cat
6a47821f9.png,cat
6b721f68e.png,cat
6b9d6f8c9.png,cat
6ba4ef411.png,cat
6bce55e05.png,cat
6be169e41.png,dog
6c874918c.png,dog
6d6eb3830.png,dog
6da892be6.png,cat
6db684fff.png,cat
6dd095129.png,horse
6df8e31ea.png,cat
6edb96d45.png,dog
6edc76e7c.png,cat
711b46fba.png,dog
71334c634.png,dog
71b232519.png,dog
71e73a8a0.png,cat
71f5323c5.png,cat
721b2c47a.png,cat
721be0a4a.png,cat
72555447363456976865511676921847571677.png,dog
728eabae1.png,cat
73260a4ee.png,cat
74068643d.png,cat
74d810f87.png,cat
74fd477eb.png,cat
7506c0c02.png,cat
752101fdf.png,cat
75292165844306098058798030144890044057.png,cat
754b1adf8.png,cat
756dd5070.png,cat
75cb95e91.png,dog
7615e52d3.png,horse
76555b064.png,cat
7691014a1.png,dog
7696badea.png,cat
76dbd1054.png,cat
770a265f5.png,cat
77360151594581870619931401915376057672.png,cow
77641762340000575402719745289950213964.png,cat
77ccb8b2a.png,cat
780bd2a2c.png,cat
780defa2e.png,cat
785a73ab8.png,cat
78750e0ff.png,cat
78b1bf91a.png,cat
78c5fba1d.png,cat
79920487282616616957785964286422285560.png,cow
79d93bc96.png,cat
79dafec17.png,cat
79e5ea8fa.png,dog
79fba50db.png,cat
7a38416be.png,cat
7b21ba6ba.png,dog
7b52585da.png,cat
7beb2766f.png,cat
7c85b0265.png,cat
7cabd68cc.png,dog
7d22abf91.png,cat
7d3045fc3.png,cat
7d4cd07ad.png,horse
7e9cf1c46.png,cow
7f31c7f42.png,dog
7f46a71db.png,cat
7f9e9565d.png,dog
7fdb7202d.png,cat
800a8c17e.png,cat
808578ed5.png,cat
808cf55c6.png,dog
809eb0b82.png,cat
80e299ae9.png,dog
8104422bb.png,cat
8170d33c1.png,horse
81820588195773871709617053255895796936.png,dog
824f5d4e5.png,cat
827279bad.png,cat
82878454518725124540355488923463334419.png,cat
82b5f4d33.png,cat
8301b0547.png,cat
8303b27ed.png,cat
8311740de.png,cat
835dc5447.png,cat
837ac0270.png,cat
8455169fe.png,cat
851c90831.png,cat
85431c075.png,cat
855955aaf.png,cat
856f2910a.png,cat
8585f9718.png,cat
862b8e7a0.png,cat
86676d627.png,cat
866be78b0.png,dog
86c309150.png,cat
86f08e6d1.png,dog
87608f7aa.png,cat
87f627bf9.png,cat
88043886972843562702142934560096402483.png,cat
8874bba69.png,cat
88ac6df54.png,cat
88d8a4508.png,horse
8916793ce.png,dog
892e9d6c6.png,cat
897e5a8de.png,dog
8a30b2de3.png,cat
8a32d0bfa.png,horse
8a4d3a1b1.png,cat
8a8d6c712.png,dog
8ab8a958b.png,cat
8b043093d.png,cat
8b27bfd2b.png,cat
8b9144917.png,horse
8bc0261c9.png,cat
8c98a6e9b.png,cat
8c9953903.png,cat
8ca6140ca.png,dog
8cf2e3e6c.png,dog
8cf909eb3.png,cat
8cfd98117.png,cat
8d6991365.png,cat
8d6acbe9b.png,cat
8db450ce3.png,cat
8dbb8e1b9.png,cat
8e29abce1.png,cat
8e2e5604e.png,cat
8e3ed0a25.png,cat
8e4eaeec0.png,cat
8e6ec1ca6.png,cat
8ece6efec.png,dog
8f523520c.png,cat
8faadb6a8.png,cat
90792613204647310434032512253572752883.png,cow
90b595f12.png,dog
90d119d25.png,cat
91924591497228461027528170526356690192.png,horse
91e469b4a.png,cat
92292055d.png,horse
93079d970.png,cat
9326bda1b.png,cat
93d76fd5d.png,cat
948cdb277.png,cat
9516e56c4.png,cat
953496deb.png,cat
958bb9e96.png,dog
963544aa0.png,cat
9643fc5f4.png,cat
966ae5ad9.png,cat
969a851be.png,cat
96ecad7a1.png,cat
96f14d90c.png,dog
974959ec1.png,cat
976e4e079.png,cat
97844bfd5.png,dog
97b2f0a10.png,cat
98062cd87.png,cat
98579764887662716283988121658046843319.png,dog
98d819587.png,dog
98da6ef4e.png,cat
99036c51d.png,dog
99290367983953612964997061525471858911.png,cow
99569b224.png,dog
995c7ab1e.png,horse
9a3f20121.png,dog
9aa5587fe.png,cat
9b4800b42.png,dog
9b9911f20.png,cat
9baf94467.png,dog
9c0c5b731.png,cat
9c32a797e.png,cat
9c777333d.png,horse
9c8b08a24.png,cat
9cce7328c.png,cat
9d3cb4745.png,cat
9d79a1f0c.png,dog
9df3275da.png,cat
9fab816f2.png,dog
a006a475c.png,cat
a060c1cf8.png,horse
a0b393945.png,cat
a0f37c726.png,cat
a169b71e7.png,cat
a19c3faca.png,dog
a1da8be3c.png,cow
a1e0a6c02.png,cat
a254d71f6.png,dog
a276c65f7.png,cat
a2b703e21.png,dog
a2c89c367.png,cat
a2d25b4f3.png,cat
a35fd6fbb.png,horse
a38b8a581.png,cat
a3b375b34.png,cat
a3d0031fd.png,cat
a4b61a4ea.png,cat
a544fc46d.png,cat
a55d26a4c.png,dog
a5db42f7d.png,horse
a74bf916d.png,dog
a74d475c2.png,cat
a7bd7cadb.png,dog
a800caead.png,cat
a83820a2c.png,dog
a8388a37f.png,cat
a85b48a95.png,cat
a85fc8c9a.png,cat
a890ac088.png,dog
a8b431a3e.png,cat
a8c8a1db0.png,dog
a8da9c08d.png,dog
a8de7c1b7.png,cat
a935ca110.png,cat
a93f940d6.png,cat
a9d2eab61.png,cat
aa7d098d1.png,cat
aad8375e0.png,cat
aaf4da98f.png,cat
ab0f67743.png,cat
ab35453cb.png,dog
abc331628.png,cat
abf8b0772.png,cat
ac3193f78.png,cat
ac75d3326.png,dog
acdb75e00.png,cat
ace8761dd.png,dog
ad12382d4.png,cat
adb7a032c.png,cat
ae90f2827.png,cat
aecfaed64.png,cat
aee6fa3df.png,cat
af45e222a.png,cat
afa446484.png,cat
afcf6abd5.png,cat
b026bf8ca.png,cat
b03397525.png,cat
b0acaff4a.png,cat
b130a0632.png,cat
b145ba9d4.png,cat
b1cd2a91e.png,dog
b215531dd.png,cat
b2706e2b3.png,cat
b29339405.png,cat
b30ab4659.png,cat
b31292706.png,dog
b341d0aab.png,cat
b39c71707.png,cow
b3d6fdb80.png,cat
b3e08b037.png,cat
b47691c08.png,dog
b4c3df835.png,Maize
b4f7c9214.png,cat
b573b7a56.png,cat
b5c7fd009.png,cat
b62dca166.png,cat
b687160f5.png,dog
b6a3f7876.png,dog
b6f3d8b5d.png,dog
b7192c70f.png,cat
b7a7f6390.png,cat
b7ad92859.png,cat
b828443ff.png,dog
b9062c1c8.png,cat
b944a49ca.png,cat
b98327bf4.png,cat
ba3ce6b3e.png,cat
bb1c84bbc.png,cat
bb1d1bfd3.png,cat
bb20fce02.png,cat
bb64660b7.png,cat
bb7621cb3.png,dog
bd72d4d8a.png,cat
bd789d151.png,dog
bdde957ec.png,cat
be2499cf4.png,cat
be341dbdc.png,dog
bea23d9f8.png,cat
bebcaab66.png,cat
beebe5f4e.png,cat
bf3924a57.png,cat
bf66b9cd2.png,cow
bfab3e3d0.png,cat
bffc08672.png,horse
c0461776c.png,cat
c069fc3fa.png,dog
c06e7c748.png,dog
c0bc3997b.png,cat
c0d9e170b.png,cat
c0f5d9ac8.png,cat
c10ccbd82.png,cat
c10db7ae2.png,horse
c1ecff98b.png,cat
c26ccf73c.png,cat
c2de6020a.png,dog
c35efa095.png,cat
c4ed8ed38.png,cow
c50335991.png,cat
c5078bac5.png,cat
c5e419015.png,dog
c5e88cd42.png,horse
c60e91e07.png,cat
c63da993b.png,cat
c64370a72.png,dog
c6b76307d.png,cat
c6c8d4ba0.png,cat
c7051c902.png,dog
c74c5b7fc.png,dog
c75a82234.png,cat
c7ae30f3a.png,cat
c7b07431e.png,cat
c7eb96871.png,cat
c832e4302.png,cat
c85ef220d.png,cat
c88ebfb47.png,cat
c8f50f0c3.png,cat
caa2fbd79.png,cow
cadab6616.png,cat
cae684f8f.png,cat
cb496f36e.png,cat
cb76a7766.png,cat
cbba27d89.png,horse
cbe761896.png,dog
cc3d2a59a.png,cat
cc74feadc.png,cat
cd5f0db1c.png,cat
cd6adba97.png,cat
ce15eee52.png,cat
ce3d280eb.png,cat
ce42adffb.png,cat
cec5bf198.png,dog
cf3a8b2fd.png,dog
cf46d09c5.png,cat
cf90fc52d.png,horse
cfb18d262.png,cat
cfd8165e9.png,cow
d0152bd7c.png,cat
d01873fdd.png,cat
d09275360.png,cat
d09d24c58.png,cat
d0cdc768f.png,cat
d102e1a15.png,cat
d14aa43f3.png,dog
d17f48d3b.png,cat
d2f0f326e.png,cat
d2f422ccb.png,cat
d2fd9df40.png,cat
d3331e071.png,cat
d350a25fa.png,cat
d41d87796.png,cat
d488a4fe1.png,cat
d515398fd.png,cat
d563be369.png,cat
d5f7dd60a.png,cat
d668409ff.png,dog
d689256be.png,dog
d6c8c3c48.png,cat
d6d31dcbe.png,cat
d6d80a321.png,cat
d7017f701.png,cat
d84d37a61.png,cat
d89db156f.png,dog
d8f4923f8.png,cow
d93c7ab6d.png,cat
d9c50616e.png,cat
da231c97f.png,dog
da4ed3a28.png,cat
da5255450.png,cat
da713c465.png,cat
da9ef7858.png,cat
dabe3e5be.png,dog
dabea05f4.png,cat
dc4cd56a3.png,cat
dc55449b2.png,cat
dcd7ff249.png,cat
dce2f6612.png,cat
dd5ec63d9.png,cat
dd9f36df7.png,cat
de0b79659.png,cat
df11d56a7.png,cat
df521c0c0.png,cat
df7cb5f87.png,cat
dfb1d9012.png,cat
e0ec5b6a1.png,dog
e14afa235.png,cat
e15472085.png,cat
e15fce4f2.png,cat
e1809cef2.png,cat
e19673dc9.png,dog
e19ad6ac9.png,cat
e1a0e3202.png,cat
e1abb4ff9.png,cat
e3f50adfc.png,cat
e471f1d3a.png,cat
e478c452c.png,cat
e4a76885b.png,cow
e4d5ec761.png,cat
e5064f6be.png,cat
e52493d0b.png,cat
e5297b675.png,cat
e5368474f.png,cat
e5881dd33.png,cat
e5e3dccff.png,cat
e6f1211a2.png,cat
e7077322d.png,cat
e721c6ac8.png,cat
e73e308be.png,cat
e783f5a4f.png,cat
e80a259c5.png,dog
e82017baa.png,cat
e84464f5a.png,cat
e88bf0db9.png,cow
e901b0f28.png,cat
e921021a8.png,cat
e96e57a90.png,cat
e98e5d1d5.png,cat
e9cd91682.png,horse
e9d48d664.png,cat
eaf0815e2.png,cat
ec08a5d56.png,dog
ede6b84b4.png,cat
edfdb4aeb.png,cat
eec1079a1.png,cat
eef131644.png,cat
ef02b4ee7.png,cat
ef3e232ad.png,cat
ef65533d5.png,cat
ef74dbcad.png,cat
ef7a5651d.png,cat
ef9676433.png,dog
efe19dc32.png,cat
f0ffa00bd.png,dog
f1e87cba7.png,cat
f1f7c833f.png,horse
f23faf9c1.png,cat
f25996db8.png,cat
f2dc546ca.png,cat
f33e9d918.png,cat
f351ce097.png,cat
f3fcfff1b.png,cat
f4021df6c.png,cat
f4234cf4f.png,cat
f445fe6fb.png,cat
f48916a8c.png,cat
f4ad9d950.png,cat
f4caf74f9.png,cat
f4e7733d4.png,cat
f593c9cf0.png,cat
f66ae4070.png,horse
f6d250856.png,dog
f8318faf1.png,cat
f85ed9b6d.png,cat
f9b6bfb00.png,cat
f9ea23fb5.png,cat
f9f35cbd4.png,cat
fa5fd1384.png,dog
fa9f3a8f9.png,cat
fadc6adbc.png,cat
fb022edf9.png,cat
fba8fc78a.png,cat
fbf88b6be.png,cat
fc3e58836.png,cat
fc6f686fb.png,cat
fd253a74e.png,dog
fd87b36ae.png,cat
fd925f542.png,cat
fda0b5c38.png,dog
fda39e16f.png,dog
fdea6b119.png,cat
fe29629fb.png,cat
fe9e87b78.png,cat
fea1d13d6.png,dog
fea355851.png,cat
fea3da57c.png,cat
fef2ade8c.png,cat
ff65bc002.png,cat
ffc6f8527.png,cat
